2004-12-31,零四年財經大事回顧(2)
2004-12-30,零四年財經大事回顧(1)
2004-12-29,為填FAFSA表格作準備
2004-12-28,用「特別指示」方式賣股票
2004-12-27,將虧蝕在零四年扣稅
2004-12-24,共同基金的「平均成本」
2004-12-23,預繳稅足夠嗎？
2004-12-22,國稅局宣布銷售稅資料
2004-12-21,將增值股票送給子女
2004-12-20,有通膨保障的債券
2004-12-17,遺產成本提升好處大
2004-12-16,子女收入對經濟援助的影響
2004-12-15,為老師們設立的扣稅額
2004-12-14,共同基金為何有「字母」之分
2004-12-13,旅游前應該通知銀行
2004-12-10,手提電話是否會被促銷
2004-12-09,捐獻增值股票增加扣稅
2004-12-08,1031交換期限與WASH SALE
2004-12-07,退休帳戶是否受到保護
2004-12-06,小額房屋貸款限額增加
2004-12-03,年底前計劃退休儲蓄
2004-12-02,處理租客安全按金
2004-12-01,年終送禮大家高興
2004-11-30,配偶社安福利問題
2004-11-29,如何取得免費信用報告
2004-11-26,半導體行業景氣指標
2004-11-25,越野車首年折舊金額減少
2004-11-24,業主不可隨便入屋
2004-11-23,應付不合理的情況
2004-11-22,生前信托與年幼子女
2004-11-19,有關小費的規則
2004-11-18,提防個人身份被盜用
2004-11-17,新信用評分系統
2004-11-16,年底前投資共同基金
2004-11-15,利用銷售稅作扣稅用
2004-11-12,信用卡最低消費合法嗎？
2004-11-11,軍人有何稅務優惠？
2004-11-10,擬]從業員請注意
2004-11-09,要注意申報海外帳戶
2004-11-08,交換出租物業新稅例
2004-11-05,是否可消除壞信用記錄？
2004-11-04,是否應該轉為ROTH IRA？
2004-11-03,買屋月底成交較有利？
2004-11-02,信用記錄資料齊全嗎？
2004-11-01,租客是否應購買保險？
2004-10-29,新支票法例剛剛實行
2004-10-28,個別股票起碼的資料
2004-10-27,「共渡」貸款要注意出租比率
2004-10-26,「出糧日貸款」利息高昂
2004-10-25,零稅金家庭大幅增加
2004-10-22,繼承個人退休帳戶
2004-10-21,應該何時設立生前信托
2004-10-20,航班誤點賠償
2004-10-19,外國人與房地產物業
2004-10-18,每兩星期付一半供款
2004-10-15,保險公司股票成本爭議
2004-10-14,估值不足令買賣合約無效
2004-10-13,新減稅方案將成法律
2004-10-12,房貸利息由兒子扣稅
2004-10-11,超過六千磅汽車扣稅好處
2004-10-08,是否預繳足夠稅款
2004-10-07,預先設立授權書有好處
2004-10-06,房貸機構信用無問題
2004-10-05,延續減稅方案多人受惠
2004-10-04,健康儲蓄帳戶
2001-01-01,10/1/2001 房屋貸款債券
2004-09-30,指數基金種類繁多
2004-09-29,主動解釋不良信用記錄
2004-09-28,固定買賣債券佣金
2004-09-27,贏了獎可能要繳稅
2004-09-24,「接收樓宇」風險甚高
2004-09-23,小心購買「接收樓宇」
2004-09-22,兩年內賣屋可否免稅？
2004-09-21,生前信托與房地產物業
2004-09-20,「第一貸款」與「第二貸款」
2004-09-17,銀行減免房屋貸款？
2004-09-16,提前領取社安退休金
2004-09-15,查詢租客過去記錄
2004-09-14,業主要小心挑選租客
2004-09-13,海外收入與社會安全稅
2004-09-10,歸還代管帳戶給子女
2004-09-09,提前還款馬上省下利息
2004-09-08,自雇者善用「健康儲蓄帳戶」
2004-09-07,指數基金削減年費
2004-09-06,房屋保險金額要足夠
2004-09-03,捐獻股票的好方法
2004-09-02,退休儲蓄計劃提供REIT基金
2004-09-01,是否應該「自助」賣屋？
2004-08-31,十大欺詐事件
2004-08-30,租車時要購買保險嗎？
2004-08-27,停止個人資料被售賣
2004-08-26,貸款保險保費可否扣稅？
2004-08-25,年紀較大401-K損失越大
2004-08-24,電話留言詐騙事例
2004-08-23,房屋免稅不限於自住
2004-08-20,自住物業免稅條例
2004-08-19,債券市場又再活躍
2004-08-18,年青人也需要健康保險
2004-08-17,折舊優惠年底結束
2004-08-16,可取消房屋買賣合約嗎？
2004-08-13,FDIC保障存款5.5%利率？
2004-08-12,承繼IRA帳戶提取規則
2004-08-11,與離婚有關的稅務
2004-08-10,預立醫療授權書
2004-08-09,為新僑設的新信用評分
2004-08-06,延遲報稅限期快到
2004-08-05,租出部份房屋稅例
2004-08-04,稅局查2002年報稅表
2004-08-03,幾種賣屋的方式
2004-08-02,AS IS房屋買賣要注意
2004-07-30,處理追數公司通知
2004-07-29,小心浮動房貸利率
2004-07-28,慈善捐獻稅例可能修改
2004-07-27,尼日利亞419詐騙新招數
2004-07-26,處理追數公司通知
2004-07-23,長期資金增值稅率較低
2004-07-22,捐贈貶了值的產業
2004-07-21,定期壽險保費上升
2004-07-20,如何查保險公司財務評級？
2004-07-19,提高短期存款收益
2004-07-16,謝絕傳真廣告
2004-07-15,修改遺囑或生前信托
2004-07-14,儲蓄債券長短均宜
2004-07-13,兌現儲蓄債券相當方便
2004-07-12,查稅時應否有代表陪同
2004-07-09,五類較難出售的樓宇
2004-07-08,微軟宣布削減十億元成本
2004-07-07,避免認證的幾種方法
2004-07-06,共同基金將賠償投資者
2004-07-05,孩童的稅務優惠
2004-07-02,股票分股與「反分股」
2004-07-01,接受贈予是否要付稅
2004-06-30,ITIN 不容易拿到手
2004-06-29,您需要付預繳稅嗎？
2004-06-28,利率調升對經濟的影響
2004-06-25,國會可能快修改稅例
2004-06-24,二十一世紀支票法案
2004-06-22,年中股市展望
2004-06-22,年中股市展望
2004-06-21,銀行的CHEX記錄系統
2004-06-18,利用汽車費用扣稅
2004-06-17,小心核對支票月結單
2004-06-16,免費信用報告
2004-06-15,利用醫療費用扣稅
2004-06-14,「生前信托」的主要孕�
2004-06-11,「隨機漫步」未必全對
2004-06-10,官司賠償是否要繳稅？
2004-06-09,提防PHISING詐騙
2004-06-08,調整預繳稅金額
2004-06-07,自動調整組合的基金
2004-06-04,信用卡費用不斷增加
2004-06-03,可取回保費的定期壽險
2004-06-02,新興市場風險較高
2004-06-01,史坦普公司派股息增加
2004-05-31,善用信用社CREDIT UNION
2004-05-28,百分之百的房屋貸款
2004-05-27,離職時401-K的選擇
2004-05-26,是投機者或是投資者？
2004-05-25,提前取消租約
2004-05-24,要浮動或是固定利率？
2004-05-21,應否在屋契上加兒女名字
2004-05-20,查清楚C業主聯會」
2004-05-19,作有效的投訴
2004-05-18,避免遺產爭議
2004-05-17,賣屋前應否自行檢查
2004-05-14,聯邦「通漲保護」公債
2004-05-13,出租物業交換新例
2004-05-12,私人貸款利息可否扣稅？
2004-05-11,通漲儲蓄債券新利率
2004-05-10,小心非法「信用修理」服務
2004-05-07,醫藥折扣卡最新資料
2004-05-06,找工作費用可以抵稅嗎？
2004-05-05,債券與債券基金有分別
2004-05-04,修改報稅表
2004-05-03,查齒菑v信用評分
2004-04-30,投資「稅款扣押權」
2004-04-29,醫藥折扣卡六月開始
2004-04-28,尋找公司股息資料
2004-04-27,信用卡爭議盡快提出
2004-04-26,雇用孩子做工好處多
2004-04-23,增加儲蓄保險金額
2004-04-22,「無人認領」產業
2004-04-21,房屋貸款詐騙手法
2004-04-20,Coverdell 教育帳戶
2004-04-19,「稅務自由日」提前
2004-04-16,尼日利亞 419 詐騙
2004-04-15,看清楚房屋貸款費用
2004-04-14,最新信用卡欺詐事件
2004-04-13,夫婦應共同或分開報稅？
2004-04-12,首次買屋優惠
2004-04-09,無法如期繳繳稅怎辦？
2004-04-08,查清楚搬運公司背景
2004-04-07,部份自住房子作商用
2004-04-06,股票虧蝕是否「盜竊損失」？
2004-04-05,史坦普最新指數
2004-04-02,「現金工資」瞞稅違法
2004-04-01,用「一家之主」身份報稅
2004-03-31,小心比較不同信用卡優惠
2004-03-30,值得用浮動利率房貸嗎？
2004-03-29,外籍人士免稅優惠
2004-03-26,申請延期報稅手續
2004-03-25,超過五厘利率的定存？
2004-03-24,ROTH IRA提取規則
2004-03-23,外國人投資要繳稅嗎？
2004-03-22,年收益APY是甚麼？
2004-03-19,估計社安退休金金額
2004-03-18,賭博收入雙重損失
2004-03-17,出入國境海關規則
2004-03-16,社會安全金可在國外領取嗎？
2004-03-15,搬遷費可扣稅嗎？
2004-03-12,史都華事件的啟示
2004-03-11,屋主應該買「產權保險」嗎？
2004-03-10,同性「夫婦」可否共同報稅？
2004-03-09,是否掉進AMT稅陷阱
2004-03-08,利息扣稅好處多少？
2004-03-05,將IRA帳戶存款「還原」
2004-03-04,停止追債公司騷擾
2004-03-03,外國退休收入要付稅嗎？
2004-03-02,AS IS 賣屋依然有責任風險
2004-03-01,不要錯過扣稅項目
2004-02-27,投資費用可以扣稅嗎？
2004-02-26,SIPC保障投資帳戶
2004-02-25,應選擇15年或30年房貸？
2004-02-24,退休儲蓄金額上限增高
2004-02-23,房屋貸款的「預繳帳戶」
2004-02-20,看顧孩童費用稅務優惠
2004-02-19,怎樣查公司債券市場價值
2004-02-18,用ETF 去代替指數基金
2004-02-17,「小額」與「大額」房屋貸款
2004-02-16,教育費用稅務優惠
2004-02-13,慈善機構送買屋首期？
2004-02-12,二十五億退稅待領
2004-02-11,為子女收入報稅
2004-02-10,放現金到保險箱違法嗎？
2004-02-09,家庭辦公室可扣稅嗎？
2004-02-06,以「獨立身份」申請經援
2004-02-05,退休儲蓄稅務雙重優惠
2004-02-04,IRA 與ROTH IRA誰較優勝？
2004-02-03,以「一家之主」身份報稅
2004-02-02,用信用卡要出示證件？
2004-01-30,自僱者退休儲蓄選擇多
2004-01-29,自動調整組合的基金
2004-01-28,投資回報期望不要過高
2004-01-27,小心轉移產權給子女
2004-01-26,債券與債券基金有分別
2004-01-23,調整預繳稅金額
2001-01-01,1/22/2005 小心非法「信用修理」服務
2004-01-21,夫婦應共同或分開報稅？
2004-01-20,美國人普遍債台高築
2004-01-19,最新信用卡欺詐事件
2004-01-16,您要自己報稅嗎？
2004-01-15,業主租屋時要留意事項（二）
2004-01-14,業主租屋時要留意事項（一）
2004-01-13,雇用孩子做工好處多
2004-01-12,「無保險駕駛者」保障
2004-01-09,外國公司在美國交易所上市
2004-01-08,交付過多社會安全稅？
2004-01-07,處理無價值的股票
2004-01-06,旅行支票以外的選擇
2004-01-05,小心比較不同信用卡優惠
2004-01-02,值得用浮動利率房貸嗎？
2004-01-01,新年感言
2005-12-30,零五年財經大事回顧(2)
2005-12-29,零五年財經大事回顧(1)
2005-12-28,捐獻增值股票增加扣稅
2005-12-27,處理無價值的股票
2001-01-01,12/26/2006 賭博收入雙重損失
2005-12-23,學生貸款優惠減少
2005-12-22,將虧蝕在零五年扣稅
2005-12-21,申請大學經濟援助
2005-12-20,八百元免稅金額
2005-12-19,小心指定受益人
2005-12-16,年終送禮大家高興
2005-12-15,將增值股票送給子女
2005-12-14,留意交通費用扣稅
2005-12-13,用「特別指示」方式賣股票
2005-12-12,盡量減低AMT稅款
2005-12-09,國會開始改革AMT
2005-12-08,捐獻增值股票增加扣稅
2005-12-07,兌現子女的儲蓄債券
2005-12-06,小額房屋貸款限額增加
2005-12-05,交換期限與WASH SALE
2005-12-02,特別情況下的持有期
2005-12-01,長期資金增值的持有期
2005-11-30,儲蓄債券是否應舊換新？
2005-11-29,離婚時保留兩人免稅額
2005-11-28,投資戶口有否聯邦保險？
2005-11-25,年底前投資共同基金
2005-11-24,年底前共同基金價格下跌
2005-11-23,交通費用可以省稅
2005-11-22,低收費和免罰金的年金
2005-11-21,注意年金費用與提取罰金
2005-11-18,先利用「合稅務資格」帳戶
2005-11-17,分股後計算股票成本
2005-11-16,貸款利息扣稅常識
2005-11-15,捐贈頭款扣稅被政府起訴
2005-11-14,「關閉基金」有市場風險
2005-11-11,夫婦分開報稅不利扣稅
2005-11-10,用I-BOND支付大學教育費用
2005-11-09,購買債券需知
2005-11-08,儲蓄債券利息吸引
2005-11-07,提防被水浸過的汽車
2005-11-04,推高房屋銷售價錢
2005-11-03,I-BOND 最新利率
2005-11-02,全福利醫療補助
2005-11-01,前僱主有提供藥物保險
2005-10-31,社安藥物計劃未必有利
2005-10-28,新社安藥物福利計劃
2005-10-27,轉移IRA帳戶資金
2005-10-26,新I-BOND債券利率
2005-10-25,長者售屋面對資金增值稅
2005-10-24,帶未成年子女出外旅游
2005-10-21,稅例對交換相當優惠
2005-10-20,投資物業雙重稅務優惠
2005-10-19,如何購買定期人壽保險？
2005-10-18,通膨憂慮影響美國經濟
2005-10-17,通膨上升增加扣稅金額
2005-10-14,社會安全退休金要繳稅嗎？
2005-10-13,聯名申請信用咭的風險
2005-10-12,指定戶口受益人
2005-10-11,用信用卡要出示證件？
2005-10-10,地方債券風險
2005-10-07,配偶與社安醫療保險
2005-10-06,雇主可提供免稅進修費用
2005-10-05,同性婚姻報稅問題
2005-10-04,計算正確的薪金預繳稅
2005-10-03,銀行收緊貸款條件
2005-09-30,謝絕來電
2005-09-29,401-K會受公司倒閉影響嗎？
2005-09-27,小生意虧蝕扣稅
2005-09-26,選擇地點
2005-09-23,應該用「雙重代理」嗎？
2005-09-22,尋找賣屋代理
2005-09-21,破產航空公司股票(二)
2005-09-20,破產航空公司股票(一)
2005-09-19,收益曲線
2005-09-16,房屋貸款的「服務權」
2005-09-15,每兩星期付一半供款
2005-09-14,FDIC 存款保險(二)
2005-09-13,FDIC 存款保險(一)
2005-09-12,蒙受損失可以扣稅
2005-09-09,離婚與資金增值免稅
2005-09-08,為家中物品留下記錄
2005-09-07,1031交換特別情況
2005-09-06,找股息收益率高的股票
2005-09-05,員工購股優惠計劃
2005-09-02,認識「即時年金」
2005-09-01,是否可轉為ROTH IRA?
2005-08-31,要有足夠的責任保險
2005-08-30,「仲裁」的優點與缺點
2005-08-29,基金的「交易率」
2005-08-26,基金的交易費用
2005-08-25,注意共同基金費用
2005-08-24,信用卡費用上升
2005-08-23,有薪假期並非法定
2005-08-22,僱主解僱無需理由
2005-08-19,估計社會安全退休金
2001-01-01,8/18/2006 假離婚去增加經濟援助
2005-08-17,房子部份出租不影響免稅
2005-08-16,第二次申請延期報稅
2005-08-15,高風險貸款將受管制
2005-08-12,加息影響市場利率
2005-08-11,大學生需要醫療保險
2005-08-10,是否可消除壞信用記錄？
2005-08-09,轉移產權特別情況
2005-08-08,不要隨便轉移產權
2005-08-05,地方債券收益不錯
2005-08-04,房地產投資信托
2005-08-03,離職時處理401-K 儲蓄
2005-08-02,產權調查產權保險
2005-08-01,繼承物業可能增加地稅
2005-07-29,「交易所基金」日益流行
2005-07-28,淨值貸款利息扣稅
2005-07-27,租車時要購買保險嗎？
2005-07-26,每兩星期付一半供款
2005-07-25,AS IS房屋買賣要注意
2005-07-22,貸款項目風險增高
2005-07-21,要由信托人擁有產權
2005-07-20,接受外國人贈與稅例
2005-07-19,「預先合格」與「預先批準」有別
2005-07-18,401-K 存款最高限額
2005-07-15,信用卡最低還款金額加倍
2005-07-14,租車節省費用
2005-07-13,選擇房貸利率
2005-07-12,公幹加上渡假扣稅規則
2005-07-11,配偶陪同公幹扣稅規則
2005-07-08,出外公幹費用扣稅
2005-07-07,可扣稅的照顧孩子費用
2005-07-06,短期資金投資工具
2005-07-05,外國人可能成為納稅人
2005-07-04,公司對401-K提高警覺
2005-07-01,第九次加息
2005-06-30,貸款費用預計表
2005-06-29,投資短期定存
2005-06-28,轉換工作與資金增值免稅
2005-06-27,處理死者遺下債務
2005-06-24,CONDO 貸款前要查清楚
2005-06-23,529 與I-BOND優劣比較
2005-06-22,孩童的免稅金額
2005-06-21,修改報稅表
2005-06-20,全部市場指數基金
2005-06-17,529計劃日落條款
2005-06-16,更改名字手續
2005-06-15,非法居民應否報稅？
2005-06-14,避險基金
2005-06-13,華人商人被政府檢控
2005-06-10,特雩g營的優點與缺點
2005-06-09,義工交通費用可扣稅
2005-06-08,小心與他人共同貸款
2005-06-07,學生也可申請整合貸款
2005-06-06,健康折扣計劃不是保險
2005-06-03,以假公證公司行騙
2005-06-02,不必搶購「雙用車」
2005-06-01,「油電雙用」汽車省錢嗎？
2005-05-31,優先股收入穩定
2005-05-30,把握時機整合貸款
2005-05-27,免稅債券
2005-05-26,慈善禮物年金
2005-05-25,可提前歸還的債券
2005-05-24,退休後繼續工作
2005-05-23,房屋與帳戶贈與有分別
2005-05-20,增加信用評分短期策略
2005-05-19,Roth IRA 提取規則
2005-05-18,I-BOND可作短期投資
2005-05-17,長期債券利率偏低
2005-05-16,捐款到海外可扣稅嗎？
2005-05-13,認識W-8BEN表格
2005-05-12,三類物業稅務不同
2005-05-11,向發展商貸款買屋
2005-05-10,盡快將學生貸款整合
2005-05-09,留學生做工免扣社安稅
2005-05-06,529計劃可能有扣稅優惠
2005-05-05,I-BOND新利率
2005-05-04,幫助兒女購買房子
2005-05-03,外國人收入與國外收入
2005-05-02,新「個人社安退休帳戶」
2005-04-29,買屋辦理房屋貸款
2005-04-28,短期健康保險有用嗎？
2005-04-27,兩類與房貸有關的保險
2005-04-26,共同基金爭相減收費用
2005-04-25,二百天移動平均價錢
2005-04-22,「經紀」與「投資顧問」有分別
2005-04-21,特別需要信托
2005-04-20,買屋費用扣稅需知
2005-04-19,「稅務自由日」延長兩天
2005-04-18,有「日落條款」的稅務優惠
2005-04-15,儲蓄債券新利率快要宣佈
2005-04-14,電子報稅利弊
2005-04-13,在401K帳戶設立ROTH IRA
2005-04-12,IRA 帳戶受到財產保障
2005-04-11,EE 債券改為固定利率
2005-04-08,開車上班費用可以扣稅嗎？
2005-04-07,現金交易申報規則
2005-04-06,容易被忽略的減稅項目
2005-04-05,搬遷費用可扣稅嗎？
2005-04-04,投資費用可以扣稅嗎？
2005-04-01,看顧孩童費用稅務優惠
2005-03-31,網上拍賣是否要付稅？
2005-03-30,將儲蓄債券變為電子債券
2005-03-29,賣空(SHORT SALE)如何報稅
2005-03-28,駕駛訓練可降低保險費用
2005-03-25,預先訂立醫療授權書
2005-03-24,退休儲蓄提取規則(二)
2005-03-23,退休儲蓄提取規則(一)
2005-03-22,估值對房屋買賣很重要
2005-03-21,員工自付費用可否扣稅？
2005-03-18,注意保險公司評級
2005-03-17,應付追數電話
2005-03-16,夫婦共同還是分開報稅？
2005-03-15,「股神」提供投資貼士
2005-03-14,留意共同基金費用
2005-03-11,共同擁有人產權轉移
2005-03-10,用標準扣稅抑或逐項扣稅？
2005-03-09,七十歲人士請留意
2005-03-08,重貸時付雙重利息
2005-03-07,保險公司贈送股票
2005-03-04,提防401-K帳戶被盜竊
2005-03-03,小心報稅詐騙
2005-03-02,中西部居民免費信用報告
2005-03-01,貸款時留意「垃圾費用」
2005-02-28,退休儲蓄抵稅的「入息跳點」
2005-02-25,IRA帳戶是否可作地產投資？
2005-02-24,蒙受損失有可能扣稅
2005-02-23,分拆和收購對股票成本有影響
2005-02-22,收入剛超過五萬元家庭注意
2005-02-21,在海外工作也要報稅
2005-02-18,給讀大學的子女信用卡
2005-02-17,千萬別中騙徒詭計
2005-02-16,州府檢控多家財務公司
2005-02-15,共同基金有安全保障嗎？
2005-02-14,孩子有收入是否要報稅？
2005-02-11,盡快將學生貸款整合
2005-02-10,新移民第一年取不到EIC津貼
2005-02-09,以「獨立身份」申請經援
2005-02-08,小心特低房貸利率
2005-02-07,沒有W-2表格怎樣辦
2005-02-04,自住樓宇變出租物業稅例
2005-02-03,學生貸款利息扣稅優惠
2005-02-02,UPROMISE 529計劃
2005-02-01,以TIC作交換對象
2005-01-31,現金申報有規定
2005-01-28,一個獨特的529計劃
2005-01-27,社安「遺屬福利」要結婚九個月
2005-01-26,一仙與一百三十億
2005-01-25,國會開始討論遺產稅
2005-01-24,國稅局提供免費報稅軟件
2005-01-21,多數基金不及市場指數
2005-01-20,購物有「冷卻期」嗎？
2005-01-19,小費收入有學問
2005-01-18,退休儲蓄限額增高
2005-01-17,網上銀行利率特高
2005-01-14,增加「錢幣市場」帳戶收益
2005-01-13,「垃圾債券」去年賺11%
2005-01-12,了解「低收入津貼」
2005-01-11,注意「孩童抵稅金額」
2005-01-10,慈善捐獻稅例未有修改
2005-01-07,「靈活花費帳戶」有待改善
2005-01-06,投資國外股票債券
2005-01-05,做好信托保險等預備
2005-01-04,新年立下理財計劃
2005-01-03,新年展望
2001-01-01,6/9 汽車保險受傷保障
2001-01-01,6/8 三個有用的網址
2006-12-29,捐款到海外可以抵稅嗎？
2006-12-28,將增值股票送給子女
2006-12-27,銀行的「現金交易報告」
2006-12-26,預繳稅足夠嗎？
2006-12-25,年終送禮大家高興
2006-12-22,退休儲蓄增加教育經援？
2006-12-21,新信用評分系統開始
2006-12-20,善用「捐獻帳戶」
2006-12-19,捐獻股票增加扣稅
2006-12-18,首次買屋優惠
2006-12-15,尼日利亞騙術層出不窮
2006-12-14,政府退還長途電話稅金
2006-12-13,為填FAFSA表格作準備
2006-12-12,基金價格下跌
2006-12-11,以假公證公司行騙(2)
2006-12-08,以假公證公司行騙(1)
2006-12-07,網上拍賣是否要付稅？
2006-12-06,利用汽車費用扣稅
2006-12-05,用「特別指示」方式賣股票
2006-12-04,將虧蝕在零六年扣稅
2006-12-01,25個州立例容部u安全凍結」
2006-11-30,房地產「短賣」
2006-11-29,信用卡最低消費合法嗎？
2006-11-28,年底前投資共同基金
2006-11-27,1031交換期限與WASH SALE
2006-11-24,業主要避免歧視指控
2006-11-23,長者慎防受騙
2006-11-22,停止購買綜合汽車保險
2006-11-21,401K帳戶內的ROTH IRA
2006-11-20,401-K 存款最高限額
2006-11-17,將債券轉入529計劃
2006-11-16,大學教育經濟援助(三)
2006-11-15,大學教育經濟援助(二)
2006-11-14,大學教育經濟援助(一)
2006-11-13,QUIT CLAIM產生的後遺症
2006-11-10,用信用咭購物較有保障
2006-11-09,購物有「冷靜期」嗎？
2006-11-08,自付進修費用可否扣稅？
2006-11-07,雇主可提供免稅進修費用
2006-11-06,應否保留現有I-BOND
2006-11-03,I-BOND 新利率公佈
2006-11-02,「遺屬福利」要結婚九個月
2006-11-01,油電兩用車稅務優惠
2006-10-31,金錢帶來快樂？
2006-10-30,退休帳戶新稅例
2006-10-27,FEE ONLY財務顧問
2006-10-26,查稅時應否有代表陪同
2006-10-25,無稽的不交稅理由
2006-10-24,您需要付預繳稅嗎？
2006-10-23,UPROMISE 購物退款計劃
2006-10-20,有關裁員的知識
2006-10-19,在國外領取社會安全金
2006-10-18,認識「授權代理」
2006-10-17,銀行接收房屋程序
2006-10-16,賣屋應否向買主貸款？
2006-10-13,留意年金利弊
2006-10-12,小心共同申請借貸
2006-10-11,使用汽車真正成本
2006-10-10,減低房屋保險保費
2006-10-09,避免汽車保險拖車保障
2006-10-06,取消帳戶並不容易
2006-10-05,查清楚業主聯會情況
2006-10-04,美國人普遍債台高築
2006-10-03,投資者普遍缺乏知識
2006-10-02,集體訴訟賠償是否要繳稅？
2006-09-29,利息是否可以扣稅？
2006-09-28,退休金是否有資產保障？
2006-09-27,注意IRA起碼提取金額
2006-09-26,避免認證方法甚多
2006-09-25,62歲提早領取退休金？
2006-09-22,免費查冪茪H報告
2006-09-21,「共同擁有產權」的利弊
2006-09-20,沒有銀行帳戶的家庭
2006-09-19,買車抑或租車？(二)
2006-09-18,買車抑或租車？(一)
2006-09-15,購買新車還是舊車？
2006-09-14,「接收樓宇」風險甚高
2006-09-13,小心購買「接收樓宇」
2006-09-12,生前信托費用可否扣稅
2006-09-11,回流美國者要注意稅例
2006-09-08,外國人的遺產贈予稅
2006-09-07,外國人與社安稅
2006-09-06,外國人與房地產物業
2006-09-05,外國人銀行利息免稅
2006-09-04,保留外國人報稅身份
2006-09-01,何謂稅例上的外國人
2006-08-31,教導子女理財(三)
2006-08-30,教導子女理財(二)
2006-08-29,教導子女理財(一)
2006-08-28,新退休法案主要內容
2006-08-25,政府鼓吹自助退休計劃
2006-08-24,終生退休福利受威脅
2006-08-23,微軟回購股票缺乏吸引
2006-08-22,離婚稅務條例
2006-08-21,ROTH IRA與傳統IRA分別
2006-08-18,專家無法同意資金分配
2006-08-17,雇用孩子做工好處多
2006-08-16,「無保險駕駛者」保障
2006-08-15,529 計劃優惠延長
2006-08-14,金錢有時間價值
2006-08-11,削減產權保險保費
2006-08-10,IRA 是孩子最佳禮物
2006-08-09,以IRA 帳戶作其他投資
2006-08-08,海外帳戶是否要申報
2006-08-07,銀行利率比聯邦公債吸引
2006-08-04,遺產稅例改革再未獲通過
2006-08-03,網上拍賣詐騙新手法
2006-08-02,上「名人錄」勿太高興
2006-08-01,買屋後的推銷項目
2006-07-31,「半月付款」計劃
2006-07-28,社會安全退休金年報
2006-07-27,執行人或繼承信托人
2006-07-26,醫療扣稅範圍廣泛
2006-07-25,外國公司在美國交易所上市
2006-07-24,辭職亦有可能取失業金
2006-07-21,報稅身份與經援無關
2006-07-20,油電兩用汽車稅務優惠
2006-07-19,汽車保險是否足夠？
2006-07-18,白卡醫療福利改制
2006-07-17,接受外國人贈予
2006-07-14,「被動損失」有稅務好處
2006-07-13,短期存款利率吸引
2006-07-12,財政直接帳戶相當方便
2006-07-11,國稅局加緊審查EIC
2006-07-10,房貸利息扣稅好處多少？
2006-07-07,建築商與房屋貸款
2006-07-06,FHA 房屋貸款
2006-07-05,共同基金短期交易限制
2006-07-04,社安退休金稅務問題
2006-07-03,新稅法與長期增值
2006-06-30,租住申請表相當重要
2006-06-29,外國人不應擁有物業
2006-06-28,聯邦公債收益吸引
2006-06-27,財務紀錄要保存多久？
2006-06-26,解決債務問題靠意志
2006-06-23,與長者談遺產規劃(二)
2006-06-22,與長者談遺產規劃(一)
2006-06-21,切勿忌諱
2006-06-20,「可拒絕信托」彈性處理
2006-06-19,分開A/B信托優點
2006-06-16,「繼任信托人」相當重要
2006-06-15,低費用的「年金」
2006-06-14,轉為ROTH IRA規則
2006-06-13,上班交通費用扣稅問題
2006-06-12,趕快將學生貸款整合
2006-06-09,汽車保險受傷保障
2006-06-08,三個有用的網址
2006-06-07,IRA帳戶虧蝕扣稅
2006-06-06,遺產免稅金額今週揭曉
2006-06-05,「零利率」債券
2006-06-02,稅局查海外信用卡
2006-06-01,用「特別指示」方式賣股票
2006-05-31,公幹加上渡假扣稅規則
2006-05-30,配偶陪同公幹扣稅規則
2006-05-29,傳統IRA扣稅規則
2006-05-26,房屋被接收時提防欺詐
2006-05-25,AS IS方式賣屋的誤解
2006-05-24,子女投資稅務優惠減少
2006-05-23,聯邦存款保險計算方法
2006-05-22,「仲裁」的優點與缺點
2006-05-19,紐約交易所限制交易
2006-05-18,借錢給親人要注意
2006-05-17,利率特高的房貸債券
2006-05-16,儲蓄債券利息稅務
2006-05-15,應該給學生子女信用卡嗎？
2006-05-12,有關通貨膨漲指標
2006-05-11,租客應該購買保險嗎？
2006-05-10,加快還清的貸款計劃(2)
2006-05-09,加快還清的貸款計劃(1)
2006-05-08,避免選錯搬運公司(2)
2006-05-05,避免選錯搬運公司(1)
2006-05-04,對401-K計劃提出意見
2006-05-03,I-BOND策略
2006-05-02,新I-BOND利率已發表
2006-05-01,「延期保養」服務值得嗎？
2006-04-28,堅持先查鄧UD-1
2006-04-27,「油電雙用」汽車稅務優惠
2006-04-26,淨值貸款利息扣稅
2006-04-25,改建工程留下照片
2006-04-24,值得裝修改建嗎？
2006-04-21,物業買賣的保護條款
2006-04-20,計算正確的薪金預繳稅
2006-04-19,稅務自由日
2006-04-18,社安退休金要繳稅嗎？
2006-04-17,與國稅局討價還價
2006-04-14,無錢交稅怎麼辦？
2006-04-13,借出車子責任問題
2006-04-12,捐贈舊車扣稅新例
2006-04-11,留學生稅務要點
2006-04-10,來不及遞交報稅表？
2006-04-07,自僱者省稅良方
2006-04-06,殘障人士權益保障
2006-04-05,I-BOND新策略
2006-04-04,I-BOND利率將會降低
2006-04-03,「健康儲蓄帳戶」先決條件
2006-03-31,「健康儲蓄帳戶」好處多
2006-03-30,報稅注意的事項
2006-03-29,與W-2表格有關的問題
2006-03-28,用找工作的費用扣稅
2006-03-27,共同基金虧蝕也要付稅？
2006-03-24,「保護申報」有好處
2006-03-23,無能力繳稅？
2006-03-22,更正IRA退休儲蓄
2006-03-21,低收入津貼
2006-03-20,分辨股票價值高低
2006-03-17,「倒轉房屋貸款」(2)
2006-03-16,「倒轉房屋貸款」(1)
2006-03-15,孩童可增加收入津貼
2006-03-14,與孩童有關的稅務優惠
2006-03-13,外國政府持有大量公債
2006-03-10,由檢查師作維修之利弊
2006-03-09,自住與出租房屋 (2)
2006-03-08,自住與出租房屋
2006-03-07,留意學生貸款整合
2006-03-06,估計是否有AMT問題
2006-03-03,增加信用評分
2006-03-02,幾個與地產有關地網址
2006-03-01,租車時要購買保險嗎？
2006-02-28,提高短期存款收益
2006-02-27,購買不必要的服務
2006-02-24,退休儲蓄抵稅額
2006-02-23,選擇報稅身份
2006-02-22,是否一定要報稅？
2006-02-21,在國外使用信用卡
2006-02-20,合資格孩子特別稅例
2006-02-17,新移民與低收入津貼
2006-02-16,正確處理州退稅(二)
2006-02-15,正確處理州退稅(一)
2006-02-14,考慮直接持有債券
2006-02-13,債券共同基金利弊
2006-02-10,認識公司債券
2006-02-09,認識地方債券
2006-02-08,聯邦屬下機構債券
2006-02-07,銀行定存與聯邦公債
2006-02-06,學生工作是否要報稅
2006-02-03,要付稅的獎學金
2006-02-02,免費報稅軟件
2006-02-01,聯合航空快要脫離破產
2006-01-31,照顧孩童費用可減稅
2006-01-30,外國人與社會安全稅
2006-01-27,「一家之主」稅例修改
2006-01-26,低息信用卡詐騙
2006-01-25,儲蓄債券利息稅務
2006-01-24,新ROTH 401-K計劃
2006-01-23,401-K限額增加
2006-01-20,遺產免稅額增加
2006-01-19,IRA 提早作提取壞影響
2006-01-18,值得用浮動利率房貸嗎？
2006-01-17,「納稅人倡議者」服務
2006-01-16,贈與稅務常識
2006-01-13,「共渡」貸款要注意出租比率
2006-01-12,「受撫養人」稅例更改(二)
2006-01-11,「受撫養人」稅例更改(一)
2006-01-10,彩票詐騙
2006-01-09,電子儲蓄債券
2006-01-06,減輕債務負擔
2006-01-05,利用債券作投資
2006-01-04,注意投資費用
2001-01-01,1/2/2008歲首作財政檢討
2007-12-26,捐獻實物稅例
2007-12-24,年底前計劃退休儲蓄
2007-12-21,年底注意兩項稅例
2007-12-20,「提款卡」密碼集體被盜用
2007-12-19,預繳稅足夠嗎？
2007-12-18,將虧蝕在零七年扣稅
2007-12-17,為填FAFSA表格作準備
2007-12-14,年終送禮大家高興
2007-12-13,減息行動反應奇差
2007-12-12,儲蓄債券利息免稅
2007-12-11,捐獻舊車扣稅新例
2007-12-10,海外收入豁免金額
2001-01-01,12/7/2006投資銀行家夫婦前程盡毀
2007-12-06,無人認領的資產
2007-12-05,儲蓄債券購買額降低
2007-12-04,雨傘責任保險
2007-12-03,提防接收救援騙局
2007-11-30,403-B 與IRA共用
2007-11-29,醫療等費用之省稅方法
2007-11-28,捐款到海外可以扣稅嗎？
2001-01-01,11/27/2008 認識W-8表格
2007-11-26,自住物業豁免保障
2007-11-23,可取消的定期存款
2007-11-22,存款年收益APY
2007-11-21,成立有限公司
2007-11-20,個別股票起碼的資料
2007-11-19,十二月基金價錢下跌
2007-11-16,「倒轉房屋貸款」新趨勢
2007-11-15,個人破產個案增加
2007-11-14,投資帳戶安全嗎？
2007-11-13,鄰居大樹申過自己物業
2007-11-12,無法清還信用卡債務
2007-11-09,預先指定授權人
2007-11-08,意外損失可以抵稅嗎？
2007-11-07,超過聯邦保險的後果
2007-11-06,冒牌貨品是否可通過海關
2007-11-05,過海關避免麻煩
2007-11-02,「無保險駕駛者」保障
2007-11-01,「特別指定」方式賣股票
2007-10-31,商人用計繞過「謝絕騷擾」
2007-10-30,移民後賣屋
2007-10-29,檢查房屋保險
2007-10-26,將ESA帳戶改為529帳戶
2007-10-25,封鎖信用記錄
2007-10-24,「法拍屋」風險甚高
2007-10-23,投資「法拍」樓宇
2007-10-22,股市暴跌
2007-10-19,善用信用社CREDIT UNION
2007-10-18,查詢租客過去記錄
2007-10-17,房貸利息由兒子扣稅
2007-10-16,保險公司股票成本爭議
2007-10-15,國稅局加強監管物業交換
2007-10-12,「名人錄」是賺錢工具
2001-01-01,1011/2007 職業報稅者資格
2007-10-10,不必領取「屋契正本」
2007-10-09,服務行業從業員貸款優惠
2007-10-08,「謝絕騷擾」快將結束
2007-10-05,退休儲蓄帳戶起碼提取
2007-10-04,外國退休收入要付稅嗎？
2007-10-03,網上銀行倒閉
2007-10-02,股市「高處不勝寒」？
2007-10-01,在海外工作也要報稅
2007-09-28,投資公司突然倒閉
2007-09-27,華裔女子被海關起訴
2001-01-01,9/26/2004遺產成本提升好處大
2007-09-25,預先訂立醫療授權書
2007-09-24,提防PHISING詐騙
2007-09-21,提前取消租約
2007-09-20,小心非法「信用修理」服務
2007-09-19,聯儲局重手減息
2007-09-18,信用卡爭議盡快提出
2007-09-17,「出糧日貸款」利息高昂
2007-09-14,認識贈與(GIFTING)
2007-09-13,認識贈與(GIFTING)
2007-09-12,認識贈與(GIFTING)
2007-09-11,銀行接收房屋程序
2007-09-10,供款有困難的對策
2007-09-07,賺錢最多的行業
2007-09-06,書中自有黃金屋
2007-09-05,房地產虧蝕可扣稅嗎？
2007-09-04,遺產處理麻煩個案
2007-09-03,取消房屋買賣合約
2007-08-31,房貸利率過高
2007-08-30,旅游前應該通知銀行
2007-08-29,每兩星期付一半供款
2007-08-28,是否應該「自助」賣屋？
2007-08-27,年青人也需要健康保險
2007-08-24,修改遺囑或生前信托
2007-08-23,借貸人影響極輕微
2007-08-22,SHORT SALE與接收
2007-08-21,「貨幣市場」帳戶安全嗎？
2007-08-20,聯儲局政策增加靈活性
2007-08-17,增加信用評分
2007-08-16,免費信用報告
2007-08-15,信貸市場審核收緊
2007-08-14,兩類與房貸有關的保險
2007-08-13,代替原來貸款人
2007-08-10,移民前後稅務問題
2007-08-09,債務豁免例外情況
2007-08-08,債務豁免可能產生收入
2007-08-07,選擇學生貸款
2007-08-06,「生前信托」非富人工具
2007-08-03,合資格的健康保險
2007-08-02,「健康儲蓄帳戶」使用靈活
2007-08-01,「健康儲蓄帳戶」好處多
2007-07-31,保留投資成本資料
2007-07-30,國稅局注意餐館業
2007-07-27,被辭退可領失業保險金？
2007-07-26,銀行的CHEX記錄系統
2007-07-25,最好的529儲蓄計劃
2007-07-24,無故接到追債信件
2007-07-23,夫婦只有一人擁有產權
2007-07-20,免稅提取退休金
2007-07-19,香港銀行家接到通知書
2007-07-18,國外物業認證問題
2007-07-17,外國人與社會安全稅
2007-07-16,居住海外與社安退休金
2007-07-13,估計將來可拿多少退休金
2007-07-12,公司大量回購股票
2007-07-11,「特別需要」信托
2007-07-10,將淨值借貸的方法
2007-07-09,騙徒假冒PAYPAL行騙
2007-07-06,免繳罰金填報方法
2007-07-05,本州學費資格
2007-07-04,出租物業費用扣稅
2007-07-03,贈予常識
2007-07-02,調整預繳稅金額
2007-06-29,配偶社安福利問題
2007-06-28,資金增值免稅例子
2007-06-27,聯儲政策令人費解
2007-06-26,未婚男女共同買屋
2007-06-25,離開雇主退休金的處理
2007-06-22,學生收入是否會影響經援？
2007-06-21,租車時是否要買保險
2007-06-20,為小孩子購買人壽保險
2007-06-19,ACORN貸款計劃
2007-06-18,30天內要通知追數公司
2007-06-15,將股息「再投資」
2007-06-14,股息派發日子
2007-06-13,考慮直接持有債券
2007-06-12,屋主應該買「產權保險」嗎？
2007-06-11,非房屋產權轉移
2007-06-08,互繼共有權
2007-06-07,股票賣空常識
2007-06-06,是生意還是嗜好？
2007-06-05,長期資金贈值免稅(二)
2007-06-04,長期資金贈值免稅(一)
2007-06-01,「內幕交易」資料何處尋？
2007-05-31,優先股票(二)
2007-05-30,「優先股票」(一)
2007-05-29,停止電話推銷方法
2007-05-28,航班誤點賠償
2007-05-25,資產待領
2007-05-24,利用PUT合約去保障收益
2007-05-23,善用「過濾網」(SCREENER)
2007-05-22,報稅表錯漏如何更改
2007-05-21,家庭辦公室作扣稅用
2007-05-18,保留正確汽車使用記錄
2007-05-17,汽車費用扣稅
2007-05-16,不要錯過 ROTH 401-K(二)
2007-05-15,不要錯過 ROTH 401-K(一)
2007-05-14,房屋貸款競爭白熱化
2007-05-11,養育子女費用龐大
2007-05-10,借錢給親人要注意
2007-05-09,如何查保險公司財務評級？
2007-05-08,公司可向員工作贈予嗎？
2007-05-07,五類較難出售的樓宇
2007-05-04,買屋應該用「雙重代表」嗎？
2007-05-03,每兩星期交一半房貸供款
2007-05-02,贈與跌了價的股票要注意
2007-05-01,IRA儲蓄應放入年金嗎？
2007-04-30,401K會受公司倒閉影響嗎？
2007-04-27,出入境的海關規則
2007-04-26,薪金延稅計劃
2007-04-25,社會安全金可在國外領取嗎？
2007-04-24,特雩g營的優點與缺點
2007-04-23,稅務自由日
2007-04-20,被查稅機會不高
2007-04-19,買新車如何釐訂合理價格？
2007-04-18,「現金工資」瞞稅違法
2007-04-17,加入健身會前要小心
2007-04-16,容易被忽略的減稅項目
2007-04-13,退休儲蓄抵稅額
2007-04-12,REIT 股票優點與缺點
2007-04-11,房地產投資信托(REIT)
2007-04-10,查儐挐撙`收益
2007-04-09,與國稅局討價還價
2007-04-06,無錢交稅怎麼辦？
2007-04-05,延遲報稅
2007-04-04,聯名申請信用咭的風險
2007-04-03,幾個消費者要看的網址
2007-04-02,被盜用身份時怎樣辦？
2007-03-30,TRUST DEED是甚麼？
2007-03-29,薪金延稅計劃
2007-03-28,捐獻IRA可能有限制
2007-03-27,公司FSA計劃未必有利
2007-03-26,員工購股福利計劃
2007-03-23,現金申報規例
2007-03-22,房屋貸款扣稅常識
2007-03-21,海外帳戶可能要申報
2007-03-20,員工自付費用可否扣稅？
2007-03-19,網上交易需要防護
2007-03-16,IRA 與ROTH IRA誰較優勝？
2007-03-15,處理無價值的股票
2007-03-14,小心比較不同信用卡優惠
2007-03-13,IRA 儲蓄是否可扣稅？
2007-03-12,資金虧蝕如何抵稅
2007-03-09,自僱者退休儲蓄選擇多
2007-03-08,退還社會安全稅金
2007-03-07,投資組合優點
2007-03-06,八歲小學生的投資組合
2007-03-05,更正IRA退休儲蓄
2007-03-02,提早提取IRA儲蓄
2007-03-01,傳統退休帳戶(2)
2007-02-28,傳統退休帳戶(1)
2007-02-27,帶未成年子女出外旅遊
2007-02-26,股票分拆後如何計算成本
2007-02-23,只有投資虧蝕也應該報稅
2007-02-22,投資費用可以扣稅嗎？
2007-02-21,調整預繳稅金額
2007-02-20,沒有W-2表格怎樣辦？
2007-02-19,了解1098-T表格
2007-02-16,教育費用稅務優惠(三)
2007-02-15,教育費用稅務優惠 (二)
2007-02-14,教育費用稅務優惠(一)
2007-02-13,大學教育費用稅務好處
2007-02-12,增加經濟援助策略
2007-02-09,獨立身份申請經援
2007-02-08,找工作費用可否扣稅？
2007-02-07,長途電話退稅
2007-02-06,「低收入津貼」特殊情況
2007-02-05,「低收入津貼」(EARNED INCOME CREDIT)
2007-02-02,作「受撫養人」(DEPENDENT)的條件
2007-02-01,選擇已婚分開報稅
2007-01-31,已婚分開報稅壞處多
2007-01-30,標準扣稅或逐項扣稅？
2007-01-29,長短報稅表
2007-01-26,可以存放多少IRA?
2007-01-25,子女可與父母一起報稅嗎？
2007-01-24,應該自己動手報稅嗎？
2007-01-23,是否一定要報稅？
2007-01-22,低收費「年金」產品
2007-01-19,年金如何保本？
2007-01-18,認識「年金」之優劣點
2007-01-17,用ETF投資國外股票
2007-01-16,用ETF 去代替指數基金
2007-01-15,基金的「交易率」
2007-01-12,自動調整組合的基金
2007-01-11,共同基金有安全保障嗎？
2007-01-10,共同基金為何有「字母」之分
2007-01-09,總市場指數基金
2007-01-08,指數基金種類繁多
2007-01-05,減少投資個別股票
2007-01-04,善用稅務優惠儲蓄工具
2007-01-03,避免信用卡債務
2007-01-02,建立家庭預算並不難
2007-01-01,新年祝願
2008-09-11,五類較難出售的樓宇
2008-09-10,屋契從頭都在自己手中
2008-09-09,聯邦政府接管房貸機構
2008-09-08,小心非法「信用修理」服務
2008-09-05,租客需要購買保險嗎？
2008-09-04,房貸利息由兒子扣稅
2008-09-03,投資費用可以扣稅嗎？
2008-09-02,信用卡最低消費合法嗎？
2008-09-01,三個與理財有關的網址
2008-08-29,INDYMAC事件回顧
2008-08-28,配偶社安福利問題
2008-08-27,帶未成年子女出國旅游
2008-08-26,定居外國的幾項問題
2001-01-01,8/25/2006與長者談遺產規劃
2008-08-22,切勿忌諱
2008-08-21,減低購買課本書籍費用
2008-08-20,「可拒絕信托」彈性處理
2008-08-19,分開A/B信托優點
2008-08-18,「繼任信托人」相當重要
2008-08-15,留意使用「提款卡」
2008-08-14,保險公司「免費」股票成本
2008-08-13,從IRA帳戶借貸
2008-08-12,不必報稅的收入(二)
2008-08-11,首次買屋抵稅優惠詳情
2008-08-08,不必報稅的收入
2008-08-07,「謝絕騷擾」永久化
2008-08-06,稅務自由日
2008-08-05,借出車子責任問題
2008-08-04,先作為主要住宅避免影響
2008-08-01,賣屋免稅優惠被收緊(一)
2008-07-31,網上交易將要報告政府
2008-07-30,新房屋援救法案未必有效
2008-07-29,配偶與社安醫療保險
2008-07-28,油電兩用車抵稅額
2001-01-01,7/25/2006 標準哩數扣稅增加
2008-07-24,房屋貸款條件過緊
2008-07-23,學生收入對經濟援助的影響
2008-07-22,信托帳戶的聯邦存款保險
2008-07-21,夫婦帳戶的聯邦存款保險
2008-07-18,個人帳戶的聯邦存款保險
2008-07-17,INDYMAC 銀行問題解答(二)
2008-07-16,INDYMAC 銀行問題解答(一)
2008-07-15,兩家提供房屋貸款的機構
2008-07-14,INDYMAC銀行倒閉
2008-07-11,雇主可提供免稅進修費用
2008-07-10,2010年後的遺產免稅額
2008-07-09,兩個舊騙術再被使用
2008-07-08,529帳戶特別情況
2008-07-07,海外帳戶申報規則
2008-07-04,預早開設529儲蓄帳戶
2008-07-03,年金的稅務與罰金
2008-07-02,兩個529問題
2008-07-01,AS IS房屋買賣要注意
2008-06-30,房屋保險金額要足夠
2008-06-27,銀行信貸收緊
2008-06-26,子女收入對經濟援助的影響
2008-06-25,五百萬人尚未申請退稅
2008-06-24,支票常識(二)
2008-06-23,支票常識(一)
2008-06-20,IRA首次買屋者資格
2008-06-19,資金虧蝕帶前的稅例
2008-06-18,直銷扣稅需知
2008-06-17,特別退稅疑問
2008-06-16,轉移個人退休帳戶資金
2008-06-13,三種特別的買屋方法
2008-06-12,信用額突然被封鎖
2008-06-11,利息追蹤稅例
2008-06-10,免費查CHEX 報告
2008-06-09,借錢親屬買屋扣稅
2008-06-06,外幣存款未必值得考慮
2008-06-05,債券利息有免稅優惠
2008-06-04,聯名支票知識
2008-06-03,千萬別相信中獎騙局
2008-06-02,認識聯邦存款保險(三)
2008-05-30,認識聯邦存款保險(二)
2008-05-29,認識聯邦存款保險(一)
2008-05-28,避免汽車保險拖車保障
2008-05-27,非法居民應否報稅？
2008-05-26,特許經營的優點與缺點
2001-01-01,05/23/08共同基金的「平均成本」
2008-05-22,兩類保守債券利率吸引
2008-05-21,社按卡號碼被盜用
2008-05-20,長期增值稅率可能是零
2008-05-19,應付追數公司
2008-05-16,S-Corp與LLC
2008-06-17,特別退稅疑問
2008-05-15,「取消債務」稅務問題
2008-05-14,債權人可循民事起訴
2008-05-13,退稅開始寄出
2008-05-12,健康折扣計劃不是保險
2008-05-09,房貸市場繼續收緊
2008-05-08,IRA 與401-K提取規則不同
2008-05-07,留意保險折扣
2008-05-06,最新I-BOND債券利率
2008-05-05,信用卡最低消費合法嗎？
2008-05-02,退休帳戶全部受到保護
2008-05-01,主動解釋不良信用記錄
2008-04-30,特別退稅開始寄出
2008-04-29,「接收樓宇」風險甚高
2008-04-28,小心購買「接收樓宇」
2008-04-25,留意低收費的年金
2008-04-24,I-BOND新利率快公佈
2008-04-23,投資黃金之簡易工具
2008-04-22,退休後繼續工作
2008-04-21,成立小商業有限公司
2008-04-18,SSI福利與退稅
2008-04-17,認識期貨市場
2008-04-16,政府送電視轉換器代用券
2008-04-14,網上拍賣是否要付稅？
2008-04-15,容易被忽略的減稅項目
2008-04-11,無法如期繳繳稅怎辦？
2008-04-10,海外稅金可以抵稅
2008-04-09,股票分拆或分股成本調整
2008-04-08,學生貸款可能受影響
2008-04-07,義工交通費用可扣稅
2008-04-04,I-BOND再次值得注意
2008-04-03,不可扣稅的醫療費用
2008-04-02,可扣稅的醫療費用
2008-04-01,老人家是否應作「受撫養人」
2008-03-31,使用CRAIGSLIST要特別留意
2008-03-28,禮物卡需知
2008-03-27,更改名字手續
2008-03-26,小心報稅詐騙
2008-03-25,孩童抵稅額不影響退稅
2008-03-24,離職時401-K的選擇
2008-03-21,勿墮中獎騙局
2008-03-20,海外工作能否繳納社安稅？
2008-03-19,業主租屋時要留意事項（二）
2008-03-18,業主租屋時要留意事項（一）
2008-03-17,交付過多社會安全稅？
2008-03-14,與IRS據理力爭
2008-03-13,貸款POINTS扣稅規則
2008-03-12,第一年移民不能取得EIC
2008-03-11,特別退稅要點
2008-03-10,定期壽險能保終生
2008-03-07,IRA 扣稅規則
2008-03-06,低利率信用卡
2008-03-05,申報FAFSA後特別情況
2008-03-04,帳戶資料被盜用
2008-03-03,認識債券共同基金
2008-02-29,401-K 借貸大增
2008-02-28,外國公司在美國交易所上市
2008-02-27,調整預繳稅金額
2008-02-26,1099-R 表格常識
2008-02-25,軍人有何稅務優惠？
2008-02-22,小費知識
2008-02-21,社安退休金亦可退稅
2008-02-20,固定利率投資工具
2008-02-19,損失低收入退稅個案
2008-02-18,孩子為父母取退稅
2008-02-15,退稅法案內容
2008-02-14,新退稅法案特別情況
2008-02-13,布殊總統簽署退稅法案
2008-02-12,了解1098-T表格
2008-02-11,長短報稅表
2008-02-08,是否一定要報稅？
2008-02-07,應該自己動手報稅嗎？
2008-02-06,標準扣稅或逐項扣稅？
2008-02-05,子女可與父母一起報稅嗎？
2008-02-04,W-2表格的特殊情況
2008-02-01,政府退稅方案(二)
2008-01-31,政府退稅方案(一)
2008-01-30,非受撫養人可作EIC「合資格人」
2008-01-29,資金增值與州稅
2008-01-28,兩用物業稅務常識
2008-01-25,申請經援的「獨立」身份
2008-01-24,大學經濟援助知識
2008-01-23,納稅人倡議者
2008-01-22,初上市股票集體訴訟
2001-01-01,1/21/2009 海外工作的稅務優惠
2008-01-18,動用401-K帳戶資金
2008-01-17,交付過多社會安全稅？
2008-01-16,免除房貸撇債稅金
2008-01-15,固定房屋貸款利率下跌
2008-01-14,儲蓄計劃最高金額增加
2008-01-11,去世配偶免稅額延時
2008-01-10,自動參加退休儲蓄計劃
2008-01-09,為投資作檢查
2008-01-08,個人破產個案大增
2008-01-07,信用卡賠償退款
2008-01-04,養成記帳習慣
2008-01-03,家庭預算不可忽略
2008-01-01,新年展望
